Slice,Metric,Value
full,MAE,0.534921901252149
full,MSE,0.47807745866805074
full,RMSE,0.6914314562326845
full,MAPE,13.337676667432591
full,R2,-0.8040776086824659
full,Adjusted_R2,-3.622948872248819
full,MPE,4.826006119985279
full,MedAE,0.4440972086577899
full,Theils_U,0.1646502440835305
full,Cochran_Q,1.804077608682466
