Slice,Metric,Value
full,MAE,0.5134165465968105
full,MSE,0.3908333646173897
full,RMSE,0.6251666694709417
full,MAPE,12.72619142227426
full,R2,-0.5320373781581427
full,Adjusted_R2,-2.5478760336293833
full,MPE,4.585166820130471
full,MedAE,0.4440972086577899
full,Theils_U,0.14888516036578078
full,Cochran_Q,1.5320373781581427
