Lexical Feature,Spearman Correlation,p-value
synonymToNouns,-0.0637173846044419,0.6775385933865861
synonymToVerbs,0.07575954416127262,0.6208675401178748
averageSynClassNOUN,0.0637173846044419,0.6775385933865861
averageSynClassVERB,-0.07575954416127262,0.6208675401178748
