Lexical Feature,Spearman Correlation,p-value
conjunctToSent,-0.0034440694675817495,0.9820862606408912
conjunctTypesToSent,-0.07406701955863489,0.6287122756300894
conjunctToWords,0.010330506647252729,0.9463024410174957
conjunctNum,0.013806791159739961,0.9282739613605924
conjunctTypesToTotal,-0.07581450575041593,0.6206134865636527
conjunctNeighborSent,0.05888187706372469,0.7008226850158368
