Lexical Feature,Spearman Correlation,p-value
TTR,-0.16113316323463975,0.2903172009290696
CorrectedTTR,-0.12980171482790423,0.3954155277779149
RootTTR,-0.12980171482790423,0.3954155277779149
BilogTTR,-0.11189803002405538,0.46428157703330797
MTLD,0.23272490250902833,0.12393997816663116
