Lexical Feature,Spearman Correlation,p-value
conjunctToSent,-0.06266702602811841,0.6825720134125932
conjunctTypesToSent,-0.10074142133581857,0.5102455933203691
conjunctToWords,0.02237739447202196,0.88399550491601
conjunctNum,0.04934743643219182,0.7475181827474429
conjunctTypesToTotal,-0.11197183166116717,0.4639851206166292
conjunctNeighborSent,0.18231688610298444,0.2306521324135842
