Lexical Feature,Spearman Correlation,p-value
synonymToNouns,0.0671454545802592,0.6612083069697277
synonymToVerbs,-0.06489658157263155,0.6719042776012458
averageSynClassNOUN,-0.0671454545802592,0.6612083069697277
averageSynClassVERB,0.06489658157263155,0.6719042776012458
