Slice,Metric,Value
full,MAE,0.6071517281301296
full,MSE,0.5739048787507881
full,RMSE,0.7575650986884152
full,MAPE,14.718652758241582
full,R2,-1.1547517461381358
full,Adjusted_R2,-4.323504313988336
full,MPE,6.603732669958898
full,MedAE,0.4440972086577899
full,Theils_U,0.1805834605906509
full,Cochran_Q,2.154751746138136
