Slice,Metric,Value
full,MAE,1.0261945277593043
full,MSE,1.365676905342683
full,RMSE,1.1686217973932724
full,MAPE,24.290520176433258
full,R2,-4.353350698501846
full,Adjusted_R2,-11.397233196530593
full,MPE,19.368179372467704
full,MedAE,1.0
full,Theils_U,0.27831049255886725
full,Cochran_Q,5.353350698501846
