Slice,Metric,Value
full,MAE,0.7344688378595317
full,MSE,0.8475434758056272
full,RMSE,0.9206212444896257
full,MAPE,18.333861025262852
full,R2,-2.3544852011267565
full,Adjusted_R2,-8.344637345995965
full,MPE,-0.8456580228826943
full,MedAE,0.5519251309037752
full,Theils_U,0.21781337623583588
full,Cochran_Q,3.3544852011267565
