Lexical Feature,Spearman Correlation,p-value
conjunctToSent,0.19005754144217518,0.2111159573424821
conjunctTypesToSent,0.2486527904261296,0.0995460724662184
conjunctToWords,0.1687321895966658,0.2678593087627086
conjunctNum,0.12578696094983335,0.4103161644819705
conjunctTypesToTotal,0.05204012322576173,0.7342313479087837
conjunctNeighborSent,-3.880176862353102e-05,0.9997981628682295
