Lexical Feature,Spearman Correlation,p-value
synonymToNouns,0.10579678246343634,0.4891382188483818
synonymToVerbs,-0.06689329088075803,0.6624043674828176
averageSynClassNOUN,-0.10579678246343634,0.4891382188483818
averageSynClassVERB,0.06689329088075803,0.6624043674828176
