Slice,Metric,Value
full,MAE,1.0572304958176453
full,MSE,1.538359804862628
full,RMSE,1.2403063350892907
full,MAPE,26.851967975105428
full,R2,-4.381505095951187
full,Adjusted_R2,-23.601166152919713
full,MPE,-0.527127242631777
full,MedAE,1.0
full,Theils_U,0.2992885950005897
full,Cochran_Q,5.381505095951187
