Slice,Metric,Value
full,MAE,0.5209644954120944
full,MSE,0.3760715829823501
full,RMSE,0.6132467553785752
full,MAPE,12.88081896920078
full,R2,-0.4741723050080322
full,Adjusted_R2,-2.41387270633439
full,MPE,5.250012680788382
full,MedAE,0.4440972086577899
full,Theils_U,0.14604640006736277
full,Cochran_Q,1.4741723050080322
