Slice,Metric,Value
full,MAE,0.6138153624544027
full,MSE,0.5736882376685066
full,RMSE,0.7574221000660771
full,MAPE,14.666625153719137
full,R2,-1.1249481900597078
full,Adjusted_R2,-4.6665285068258875
full,MPE,10.450574175389619
full,MedAE,0.4520525295346598
full,Theils_U,0.18075436225986377
full,Cochran_Q,2.124948190059708
