Slice,Metric,Value
full,MAE,0.6675158108898677
full,MSE,0.681497510812724
full,RMSE,0.8255286250716712
full,MAPE,16.890239976581384
full,R2,-1.6036853207159947
full,Adjusted_R2,-5.432634321768928
full,MPE,-0.10727168573312221
full,MedAE,0.47627091468900007
full,Theils_U,0.19686005418129968
full,Cochran_Q,2.6036853207159947
