Slice,Metric,Value
full,MAE,0.6000040570333041
full,MSE,0.6027577225253768
full,RMSE,0.7763747307359874
full,MAPE,14.785040250049155
full,R2,-1.3398606618828612
full,Adjusted_R2,-4.995892946074832
full,MPE,6.305146909553855
full,MedAE,0.4440972086577899
full,Theils_U,0.18409234756269935
full,Cochran_Q,2.3398606618828612
