Slice,Metric,Value
full,MAE,0.6524813801264697
full,MSE,0.6344848766094651
full,RMSE,0.7965455897872168
full,MAPE,15.811931460946862
full,R2,-1.4330549059048319
full,Adjusted_R2,-4.812297830772653
full,MPE,7.682308308883459
full,MedAE,0.5121091925771701
full,Theils_U,0.18974459341643485
full,Cochran_Q,2.433054905904832
