Feature,F-Statistic,P-Value
length,0.8798816884052845,0.3495051137833134
redundancy,0.17598081829334142,0.6755220324803959
topic,1.275006855225068,0.28198265851516185
structure,0.5928276531633028,0.5538558010604542
languageLVL,0.751863872952314,0.3870541477946129
passiveV,0.5109249336447892,0.47567513941915984
negLang,0.9472435222976379,0.3317426772992369
metaphor,0.334922680489037,0.5635062757528309
