Feature,F-Statistic,P-Value
length,0.08249049321754923,0.7753298898262132
redundancy,0.1200088241782484,0.7312925313969312
topic,4.345753424657534,0.019257321154478958
structure,8.725383791503036,0.0006775296518031621
languageLVL,3.059463432561558,0.08740349724321057
passiveV,0.009112100021190929,0.9243950678383303
negLang,0.0982155603140614,0.7554968096788623
metaphor,5.09170669228306,0.029179197705925163
