Slice,Metric,Value
full,MAE,0.5995758924471309
full,MSE,0.5947846717422729
full,RMSE,0.7712228418182859
full,MAPE,15.043643459406766
full,R2,-1.3062081873705265
full,Adjusted_R2,-4.509275114274036
full,MPE,1.290506412866627
full,MedAE,0.41927296659689994
full,Theils_U,0.18400934778784137
full,Cochran_Q,2.3062081873705265
