Slice,Metric,Value
full,MAE,0.7575463658501594
full,MSE,0.771938349389344
full,RMSE,0.8786002215964573
full,MAPE,18.530379093093703
full,R2,-1.8405685560860081
full,Adjusted_R2,-6.913012406239594
full,MPE,10.746429061663823
full,MedAE,0.6904157598234297
full,Theils_U,0.20878652416139856
full,Cochran_Q,2.840568556086008
