Slice,Metric,Value
full,MAE,0.5833269175393624
full,MSE,0.4781333335540054
full,RMSE,0.6914718602763278
full,MAPE,14.433067062496283
full,R2,-0.874246686858982
full,Adjusted_R2,-3.340360748515537
full,MPE,6.193603942171017
full,MedAE,0.5276925690687104
full,Theils_U,0.16467592377051865
full,Cochran_Q,1.874246686858982
