Slice,Metric,Value
full,MAE,0.8910367529755165
full,MSE,1.06130427077986
full,RMSE,1.030196229259193
full,MAPE,21.514477002686526
full,R2,-3.2912517590939263
full,Adjusted_R2,-9.996332632678186
full,MPE,14.111471665625366
full,MedAE,0.6968455021364699
full,Theils_U,0.24750179935978614
full,Cochran_Q,4.291251759093926
