Slice,Metric,Value
full,MAE,0.6084846012418216
full,MSE,0.63684376911094
full,RMSE,0.7980249176002839
full,MAPE,14.820595484989491
full,R2,-2.2459445627865677
full,Adjusted_R2,-6.754200899990134
full,MPE,5.598508146579518
full,MedAE,0.4440972086577899
full,Theils_U,0.1886728643015566
full,Cochran_Q,3.2459445627865677
