Slice,Metric,Value
full,MAE,0.6398497050847775
full,MSE,0.6382918140867427
full,RMSE,0.7989316704742294
full,MAPE,15.59191246674314
full,R2,-1.502055878240002
full,Adjusted_R2,-4.7942346653979
full,MPE,8.226110114562015
full,MedAE,0.60977222864644
full,Theils_U,0.19026777288130142
full,Cochran_Q,2.502055878240002
