Lexical Feature,Spearman Correlation,p-value
conjunctToSent,-0.027281540785883285,0.8588068424995599
conjunctTypesToSent,0.13504025340693931,0.37645498252104825
conjunctToWords,-0.09071566623845115,0.5534228827164596
conjunctNum,-0.04546578527457992,0.7667989693447739
conjunctTypesToTotal,0.12081197730755587,0.4292197271214657
conjunctNeighborSent,-0.023046713478966592,0.8805505092750172
