Lexical Feature,Spearman Correlation,p-value
synonymToNouns,-0.12004273480261486,0.4321855737766962
synonymToVerbs,-0.29787516929716035,0.04688398964046995
averageSynClassNOUN,0.12004273480261486,0.4321855737766962
averageSynClassVERB,0.29787516929716035,0.04688398964046995
