Slice,Metric,Value
full,MAE,0.8177702991631475
full,MSE,1.1848331286371923
full,RMSE,1.0885004035999217
full,MAPE,19.92835748056173
full,R2,-3.4792393545840685
full,Adjusted_R2,-31.474485320734495
full,MPE,0.10109870021579898
full,MedAE,0.5559027913422101
full,Theils_U,0.2587271241709348
full,Cochran_Q,4.4792393545840685
