Lexical Feature,Spearman Correlation,p-value
conjunctToSent,0.050241365283318275,0.7430989219585835
conjunctTypesToSent,0.24087556229054286,0.11094918392419709
conjunctToWords,0.06235831903309436,0.6840539724831256
conjunctNum,0.027780770016455274,0.8562500314740213
conjunctTypesToTotal,0.18028288470074888,0.23598480103029873
conjunctNeighborSent,-0.012196137075538733,0.9366231608003663
