Lexical Feature,Spearman Correlation,p-value
synonymToNouns,-0.020790215488685718,0.8921730900898751
synonymToVerbs,0.11952404843717751,0.4341918360031617
averageSynClassNOUN,0.020790215488685718,0.8921730900898751
averageSynClassVERB,-0.11952404843717751,0.4341918360031617
