Slice,Metric,Value
full,MAE,0.6536750659380132
full,MSE,0.6147969465740221
full,RMSE,0.7840898842441612
full,MAPE,15.855877377472074
full,R2,-1.3840225416177083
full,Adjusted_R2,-4.695164960531192
full,MPE,8.629729220148057
full,MedAE,0.54302157166772
full,Theils_U,0.186357420676674
full,Cochran_Q,2.3840225416177083
