Slice,Metric,Value
full,MAE,0.7914209859009648
full,MSE,0.9147254510338322
full,RMSE,0.9564128036751872
full,MAPE,19.675824602661734
full,R2,-1.9565472233244399
full,Adjusted_R2,-75.87022780643544
full,MPE,0.23820944304589745
full,MedAE,0.6904157598234297
full,Theils_U,0.22776436356421745
full,Cochran_Q,2.95654722332444
