Slice,Metric,Value
full,MAE,1.031485184268014
full,MSE,1.3347988977395704
full,RMSE,1.1553349720923236
full,MAPE,24.774494302873386
full,R2,-4.048329997897923
full,Adjusted_R2,-13.756656916932391
full,MPE,15.505528160509192
full,MedAE,1.0
full,Theils_U,0.27622847833200886
full,Cochran_Q,5.048329997897923
