Slice,Metric,Value
full,MAE,0.5734235582963945
full,MSE,0.5305535639041536
full,RMSE,0.7283910789570076
full,MAPE,14.051068567669963
full,R2,-1.0797300450843146
full,Adjusted_R2,-3.8162169465110445
full,MPE,1.277247731596976
full,MedAE,0.4440972086577899
full,Theils_U,0.17346833715766233
full,Cochran_Q,2.0797300450843146
