Lexical Feature,Spearman Correlation,p-value
conjunctToSent,-0.058242146537994095,0.7039241068173763
conjunctTypesToSent,-0.10768811482534567,0.48135977302142385
conjunctToWords,-0.0741141594157348,0.6284932319600409
conjunctNum,0.005306467996615225,0.9724023858615685
conjunctTypesToTotal,-0.11655343918488303,0.4457815440726448
conjunctNeighborSent,-0.062122982706233405,0.6851845023620007
