Lexical Feature,Spearman Correlation,p-value
synonymToNouns,-0.09354349937599428,0.5410716848016466
synonymToVerbs,-0.1447038394896273,0.3429302680639348
averageSynClassNOUN,0.09354349937599428,0.5410716848016466
averageSynClassVERB,0.1447038394896273,0.3429302680639348
