Slice,Metric,Value
full,MAE,0.5813670415990162
full,MSE,0.48698992834157145
full,RMSE,0.6978466366914521
full,MAPE,14.36010060184569
full,R2,-0.9089638719463784
full,Adjusted_R2,-3.4207584402968765
full,MPE,6.308926880391774
full,MedAE,0.5207793606049398
full,Theils_U,0.1661940942924132
full,Cochran_Q,1.9089638719463784
