Slice,Metric,Value
full,MAE,0.6089330550572367
full,MSE,0.6060040304870218
full,RMSE,0.7784626069934392
full,MAPE,15.062412431984606
full,R2,-1.2423414436698996
full,Adjusted_R2,-4.745999949404117
full,MPE,6.4960554010621845
full,MedAE,0.5019817418788552
full,Theils_U,0.1852811464286751
full,Cochran_Q,2.2423414436698996
