Slice,Metric,Value
full,MAE,0.5762103473488677
full,MSE,0.49815935181627097
full,RMSE,0.7058040463303331
full,MAPE,14.31101927658926
full,R2,-0.915539430734077
full,Adjusted_R2,-3.576010862309184
full,MPE,4.3167503390472435
full,MedAE,0.460184061673395
full,Theils_U,0.16823762797991576
full,Cochran_Q,1.915539430734077
