Lexical Feature,Spearman Correlation,p-value
conjunctToSent,0.0,1.0
conjunctTypesToSent,-0.07368979335287272,0.6304662582341407
conjunctToWords,0.09157510047884336,0.5496550545375406
conjunctNum,0.08580654697540194,0.5751756352296693
conjunctTypesToTotal,-0.0856677357188655,0.5757963435199481
conjunctNeighborSent,0.24629582020749743,0.10290225631518927
