Lexical Feature,Spearman Correlation,p-value
synonymToNouns,-0.1811952507810695,0.23358248277059915
synonymToVerbs,-0.3026059516130755,0.04333527958881221
averageSynClassNOUN,0.1811952507810695,0.23358248277059915
averageSynClassVERB,0.3026059516130755,0.04333527958881221
