Slice,Metric,Value
full,MAE,0.8572765861986776
full,MSE,1.1527782709079053
full,RMSE,1.0736751235396604
full,MAPE,20.91094766373031
full,R2,-3.518804072647087
full,Adjusted_R2,-9.464598905077464
full,MPE,14.294619619919358
full,MedAE,0.6904157598234297
full,Theils_U,0.2556986812560422
full,Cochran_Q,4.518804072647087
