Slice,Metric,Value
full,MAE,0.6157342779094831
full,MSE,0.5557688107764291
full,RMSE,0.7454990347253504
full,MAPE,15.394573925775001
full,R2,-1.0786133967200318
full,Adjusted_R2,-4.542969057920085
full,MPE,1.099472440131686
full,MedAE,0.5276925690687104
full,Theils_U,0.1781876606776954
full,Cochran_Q,2.0786133967200318
