Slice,Metric,Value
full,MAE,0.8781245718080812
full,MSE,1.3062152673895209
full,RMSE,1.1428977501900688
full,MAPE,22.317799085639386
full,R2,-4.216931838200063
full,Adjusted_R2,-22.848831260343143
full,MPE,-4.359924278267548
full,MedAE,0.60977222864644
full,Theils_U,0.26925140738070286
full,Cochran_Q,5.216931838200063
