Slice,Metric,Value
full,MAE,0.968021005455518
full,MSE,1.3102202812643398
full,RMSE,1.1446485404980604
full,MAPE,22.21477589322642
full,R2,-5.678093755961367
full,Adjusted_R2,-14.953223972574376
full,MPE,20.021630894528524
full,MedAE,0.8987061235527352
full,Theils_U,0.270623277533469
full,Cochran_Q,6.678093755961367
