Slice,Metric,Value
full,MAE,0.7140468968444785
full,MSE,0.7986667918746968
full,RMSE,0.8936815942351598
full,MAPE,18.331016826892938
full,R2,-2.13727694106208
full,Adjusted_R2,-6.4946060258705245
full,MPE,-1.4514372902623869
full,MedAE,0.5121091925771701
full,Theils_U,0.21343451076786313
full,Cochran_Q,3.13727694106208
